link,location,time,rx_gbs,tx_gbs
Verizon,US-DA3,2024-05-01 00:00:00,2.465220145,9.689268193
Verizon,US-DA3,2024-05-01 01:00:00,2.280574848,11.636575472
Verizon,US-DA3,2024-05-01 02:00:00,1.70296266,3.688097012
Verizon,US-DA3,2024-05-01 03:00:00,1.565918906,10.631741756
Verizon,US-DA3,2024-05-01 04:00:00,0.97609691,4.585088454
Verizon,US-DA3,2024-05-01 05:00:00,1.494075525,11.549112296
Verizon,US-DA3,2024-05-01 06:00:00,8.673123670999999,4.569296113
Verizon,US-DA3,2024-05-01 07:00:00,1.504681847,0.0
Verizon,US-DA3,2024-05-01 08:00:00,0.647991969,2.567409342
Verizon,US-DA3,2024-05-01 09:00:00,1.048199691,4.014287661
Verizon,US-DA3,2024-05-01 10:00:00,5.535361947,12.204455188
Verizon,US-DA3,2024-05-01 11:00:00,2.520528922,4.564396336
Verizon,US-DA3,2024-05-01 12:00:00,0.67812793,6.571057653
Verizon,US-DA3,2024-05-01 13:00:00,0.837488732,3.503826071
Verizon,US-DA3,2024-05-01 14:00:00,3.684749607,6.387534672
Verizon,US-DA3,2024-05-01 15:00:00,1.338288679,4.758529572
Verizon,US-DA3,2024-05-01 16:00:00,7.578730803,2.070556029
Verizon,US-DA3,2024-05-01 17:00:00,1.252997088,10.520229461
Verizon,US-DA3,2024-05-01 18:00:00,3.768095832,2.814498891
Verizon,US-DA3,2024-05-01 19:00:00,4.65409649,2.606199117
Verizon,US-DA3,2024-05-01 20:00:00,1.610973336,4.182907791
Verizon,US-DA3,2024-05-01 21:00:00,4.090441678,1.809898345
Verizon,US-DA3,2024-05-01 22:00:00,1.609113628,4.236029167
Verizon,US-DA3,2024-05-01 23:00:00,1.192434494,3.809892921
Verizon,US-DA3,2024-05-02 00:00:00,1.148036468,2.666896615
Verizon,US-DA3,2024-05-02 01:00:00,1.094988562,1.43889315
Verizon,US-DA3,2024-05-02 02:00:00,0.889843661,4.661999297
Verizon,US-DA3,2024-05-02 03:00:00,3.747575266,11.812364196
Verizon,US-DA3,2024-05-02 04:00:00,1.741874229,5.257947303
Verizon,US-DA3,2024-05-02 05:00:00,1.224762549,5.820927491
Verizon,US-DA3,2024-05-02 06:00:00,1.591316348,2.099429143
Verizon,US-DA3,2024-05-02 07:00:00,0.661907034,8.910149104
Verizon,US-DA3,2024-05-02 08:00:00,1.67177476,6.286011872
Verizon,US-DA3,2024-05-02 09:00:00,1.024027016,4.733079945
Verizon,US-DA3,2024-05-02 10:00:00,2.205417562,4.117885214999999
Verizon,US-DA3,2024-05-02 11:00:00,0.584588574,3.544245882
Verizon,US-DA3,2024-05-02 12:00:00,1.7856233700000002,2.719666825
Verizon,US-DA3,2024-05-02 13:00:00,0.692318032,3.289175858
Verizon,US-DA3,2024-05-02 14:00:00,1.181787792,10.857269432
Verizon,US-DA3,2024-05-02 15:00:00,1.130222724,11.597891629
Verizon,US-DA3,2024-05-02 16:00:00,10.15966493,10.96791971
Verizon,US-DA3,2024-05-02 17:00:00,1.058033394,3.956689843
Verizon,US-DA3,2024-05-02 18:00:00,0.715377923,1.584939699
Verizon,US-DA3,2024-05-02 19:00:00,1.113598666,4.487893077
Verizon,US-DA3,2024-05-02 20:00:00,0.615918342,4.57359951
Verizon,US-DA3,2024-05-02 21:00:00,1.218390013,7.385996089
Verizon,US-DA3,2024-05-02 22:00:00,8.386592709,2.192172498
Verizon,US-DA3,2024-05-02 23:00:00,1.099047191,10.542695134
Verizon,US-DA3,2024-05-03 00:00:00,1.730314882,4.064600945
Verizon,US-DA3,2024-05-03 01:00:00,8.793937720999999,11.431521477
Verizon,US-DA3,2024-05-03 02:00:00,2.630897461,1.955984192
Verizon,US-DA3,2024-05-03 03:00:00,0.0,5.655462832
Verizon,US-DA3,2024-05-03 04:00:00,6.307881697,4.025701422
Verizon,US-DA3,2024-05-03 05:00:00,4.88633873,5.021256219
Verizon,US-DA3,2024-05-03 06:00:00,2.40164951,11.776437318
Verizon,US-DA3,2024-05-03 07:00:00,1.100622058,8.481411541
Verizon,US-DA3,2024-05-03 08:00:00,1.618889514,4.32476557
Verizon,US-DA3,2024-05-03 09:00:00,1.107104371,2.289703757
Verizon,US-DA3,2024-05-03 10:00:00,0.0,12.135611876
Verizon,US-DA3,2024-05-03 11:00:00,1.247707722,9.006671892
Verizon,US-DA3,2024-05-03 12:00:00,1.39164172,0.0
Verizon,US-DA3,2024-05-03 13:00:00,8.495740972,11.383239161
Verizon,US-DA3,2024-05-03 14:00:00,1.233013208,4.420194953
Verizon,US-DA3,2024-05-03 15:00:00,1.808960378,28.062215263
Verizon,US-DA3,2024-05-03 16:00:00,5.843856508,10.848905335
Verizon,US-DA3,2024-05-03 17:00:00,0.5225703859999999,12.857690628
Verizon,US-DA3,2024-05-03 18:00:00,1.17104893,9.404738398
Verizon,US-DA3,2024-05-03 19:00:00,3.278951444,11.313256995
Verizon,US-DA3,2024-05-03 20:00:00,1.556349468,5.333437421
Verizon,US-DA3,2024-05-03 21:00:00,1.773348733,7.507559607
Verizon,US-DA3,2024-05-03 22:00:00,2.35944035,3.838845727
Verizon,US-DA3,2024-05-03 23:00:00,2.488801608,4.566299471
Verizon,US-DA3,2024-05-04 00:00:00,8.923359675,8.515738692
Verizon,US-DA3,2024-05-04 01:00:00,2.710028959,3.018989945
Verizon,US-DA3,2024-05-04 02:00:00,0.754496808,4.015602188
Verizon,US-DA3,2024-05-04 03:00:00,2.981699448,3.656995875
Verizon,US-DA3,2024-05-04 04:00:00,1.808892086,4.886939091
Verizon,US-DA3,2024-05-04 05:00:00,4.681853019,4.559966045
Verizon,US-DA3,2024-05-04 06:00:00,0.549246159,0.0
Verizon,US-DA3,2024-05-04 07:00:00,2.25142799,3.093319028
Verizon,US-DA3,2024-05-04 08:00:00,2.187572481,5.820927491
Verizon,US-DA3,2024-05-04 09:00:00,9.496141986,7.027932961
Verizon,US-DA3,2024-05-04 10:00:00,2.521666858,4.139241586
Verizon,US-DA3,2024-05-04 11:00:00,1.268529571,2.886702137
Verizon,US-DA3,2024-05-04 12:00:00,3.441458023,1.876177899
Verizon,US-DA3,2024-05-04 13:00:00,0.764213494,10.179279896
Verizon,US-DA3,2024-05-04 14:00:00,11.169648003,9.548195551
Verizon,US-DA3,2024-05-04 15:00:00,0.7622736569999999,2.542642705
Verizon,US-DA3,2024-05-04 16:00:00,3.2172378370000003,2.443020744
Verizon,US-DA3,2024-05-04 17:00:00,1.135520644,10.12105728
Verizon,US-DA3,2024-05-04 18:00:00,1.671367054,11.414471419
Verizon,US-DA3,2024-05-04 19:00:00,6.332707443,0.833865873
Verizon,US-DA3,2024-05-04 20:00:00,1.345532078,9.477851414
Verizon,US-DA3,2024-05-04 21:00:00,8.433170264,2.279914559
Verizon,US-DA3,2024-05-04 22:00:00,25.41586434,1.937570437
Verizon,US-DA3,2024-05-04 23:00:00,0.6623837619999999,7.29216669
Verizon,US-DA3,2024-05-05 00:00:00,1.372715922,4.254433359
Verizon,US-DA3,2024-05-05 01:00:00,1.179561169,5.87558298
Verizon,US-DA3,2024-05-05 02:00:00,10.379359178,1.943490779
Verizon,US-DA3,2024-05-05 03:00:00,0.799635023,4.65380691
Verizon,US-DA3,2024-05-05 04:00:00,2.153167972,4.919839368
Verizon,US-DA3,2024-05-05 05:00:00,1.294780398,4.86896632
Verizon,US-DA3,2024-05-05 06:00:00,1.881097455,4.228298443
Verizon,US-DA3,2024-05-05 07:00:00,1.158416418,3.494632557
Verizon,US-DA3,2024-05-05 08:00:00,5.154255835,5.780437697
Verizon,US-DA3,2024-05-05 09:00:00,10.379359178,11.050181018
Verizon,US-DA3,2024-05-05 10:00:00,6.110087991,4.829416865
Verizon,US-DA3,2024-05-05 11:00:00,1.060698699,4.014604812
Verizon,US-DA3,2024-05-05 12:00:00,9.227870855,4.829416865
Verizon,US-DA3,2024-05-05 13:00:00,3.768095832,10.947183591
Verizon,US-DA3,2024-05-05 14:00:00,1.255865482,4.405164125
Verizon,US-DA3,2024-05-05 15:00:00,1.314225865,3.301735561
Verizon,US-DA3,2024-05-05 16:00:00,1.595064938,5.257947303
Verizon,US-DA3,2024-05-05 17:00:00,2.207847959,8.649848588
Verizon,US-DA3,2024-05-05 18:00:00,1.494075525,6.571057653
Verizon,US-DA3,2024-05-05 19:00:00,0.507016956,5.651214279
Verizon,US-DA3,2024-05-05 20:00:00,1.822559213,13.111864924
Verizon,US-DA3,2024-05-05 21:00:00,9.927701657,4.224109166
Verizon,US-DA3,2024-05-05 22:00:00,7.766124955,2.033834142
Verizon,US-DA3,2024-05-05 23:00:00,3.298754563,3.192397502
Verizon,US-DA3,2024-05-06 00:00:00,10.016815459,10.258784517
Verizon,US-DA3,2024-05-06 01:00:00,1.369839135,10.190753524
Verizon,US-DA3,2024-05-06 02:00:00,7.513855262,10.891365837
Verizon,US-DA3,2024-05-06 03:00:00,1.470812742,6.865032396
Verizon,US-DA3,2024-05-06 04:00:00,1.130222724,3.566736276
Verizon,US-DA3,2024-05-06 05:00:00,1.347501419,4.014604812
Verizon,US-DA3,2024-05-06 06:00:00,0.4164309969999999,2.428669986
Verizon,US-DA3,2024-05-06 07:00:00,4.517355682,2.941059304
Verizon,US-DA3,2024-05-06 08:00:00,5.892750801,2.526370663
Verizon,US-DA3,2024-05-06 09:00:00,0.532382171,1.781873755
Verizon,US-DA3,2024-05-06 10:00:00,1.314866904,11.692153476
Verizon,US-DA3,2024-05-06 11:00:00,4.31947513,3.973769992
Verizon,US-DA3,2024-05-06 12:00:00,1.099047191,4.323156177
Verizon,US-DA3,2024-05-06 13:00:00,1.195788567,7.574935169
Verizon,US-DA3,2024-05-06 14:00:00,1.200695548,3.008531318
Verizon,US-DA3,2024-05-06 15:00:00,0.761916167,4.116795549
Verizon,US-DA3,2024-05-06 16:00:00,7.684213078,2.253431471
Verizon,US-DA3,2024-05-06 17:00:00,5.75706993,1.798231004
Verizon,US-DA3,2024-05-06 18:00:00,4.487746854,3.86319004
Verizon,US-DA3,2024-05-06 19:00:00,9.009815163,2.033834142
Verizon,US-DA3,2024-05-06 20:00:00,8.974201962,4.666620123
Verizon,US-DA3,2024-05-06 21:00:00,8.605457835,12.497711608
Verizon,US-DA3,2024-05-06 22:00:00,8.8223739,4.06027403
Verizon,US-DA3,2024-05-06 23:00:00,1.756841335,3.291978208
Verizon,US-DA3,2024-05-07 00:00:00,1.017495761,11.23759017
Verizon,US-DA3,2024-05-07 01:00:00,6.484177698,1.6609205299999998
Verizon,US-DA3,2024-05-07 02:00:00,0.571594764,11.11969373
Verizon,US-DA3,2024-05-07 03:00:00,8.352953274,2.791839142
Verizon,US-DA3,2024-05-07 04:00:00,0.7437630829999999,3.162688623
Verizon,US-DA3,2024-05-07 05:00:00,2.153167972,4.587799848
Verizon,US-DA3,2024-05-07 06:00:00,11.490687994,4.855042265
Verizon,US-DA3,2024-05-07 07:00:00,1.247707722,4.585088454
Verizon,US-DA3,2024-05-07 08:00:00,1.012238609,4.447497446
Verizon,US-DA3,2024-05-07 09:00:00,1.480994553,11.172573459
Verizon,US-DA3,2024-05-07 10:00:00,11.251586229,2.291613399
Verizon,US-DA3,2024-05-07 11:00:00,1.192999231,3.699479271
Verizon,US-DA3,2024-05-07 12:00:00,0.645220348,6.595516953
Verizon,US-DA3,2024-05-07 13:00:00,5.535361947,4.139241586
Verizon,US-DA3,2024-05-07 14:00:00,1.763428671,3.21209013
Verizon,US-DA3,2024-05-07 15:00:00,2.002085938,8.256314253
Verizon,US-DA3,2024-05-07 16:00:00,0.570709966,2.7785974170000003
Verizon,US-DA3,2024-05-07 17:00:00,1.236320028,11.8267741
Verizon,US-DA3,2024-05-07 18:00:00,5.367891441,5.212515139000001
Verizon,US-DA3,2024-05-07 19:00:00,1.356433487,11.851900431
Verizon,US-DA3,2024-05-07 20:00:00,4.0754577,2.542642705
Verizon,US-DA3,2024-05-07 21:00:00,0.371091108,11.355495215
Verizon,US-DA3,2024-05-07 22:00:00,8.721348717,6.395399528
Verizon,US-DA3,2024-05-07 23:00:00,0.823538095,1.678504068
Verizon,US-DA3,2024-05-08 00:00:00,1.112246832,9.404738398
Verizon,US-DA3,2024-05-08 01:00:00,9.711008288,3.386650789
Verizon,US-DA3,2024-05-08 02:00:00,0.6623837619999999,7.865282364
Verizon,US-DA3,2024-05-08 03:00:00,1.05802475,1.655461957
Verizon,US-DA3,2024-05-08 04:00:00,0.634898289,5.543103768
Verizon,US-DA3,2024-05-08 05:00:00,0.6600547170000001,14.283415862
Verizon,US-DA3,2024-05-08 06:00:00,0.862325287,4.506221367
Verizon,US-DA3,2024-05-08 07:00:00,10.373740566,10.547742901
Verizon,US-DA3,2024-05-08 08:00:00,4.31947513,5.78582701
Verizon,US-DA3,2024-05-08 09:00:00,0.508248036,6.571057653
Verizon,US-DA3,2024-05-08 10:00:00,5.926018752,1.409721851
Verizon,US-DA3,2024-05-08 11:00:00,7.276533541,9.673763572
Verizon,US-DA3,2024-05-08 12:00:00,5.266899200999999,8.253141402
Verizon,US-DA3,2024-05-08 13:00:00,9.057585291,5.565648002
Verizon,US-DA3,2024-05-08 14:00:00,2.113284999,8.301991522
Verizon,US-DA3,2024-05-08 15:00:00,9.077116635,4.438445756
Verizon,US-DA3,2024-05-08 16:00:00,1.168673135,2.2887049790000003
Verizon,US-DA3,2024-05-08 17:00:00,1.184432444,10.077396915
Verizon,US-DA3,2024-05-08 18:00:00,1.91969816,4.521214756
Verizon,US-DA3,2024-05-08 19:00:00,7.36415431,3.921220621
Verizon,US-DA3,2024-05-08 20:00:00,9.066635257,4.659446378
Verizon,US-DA3,2024-05-08 21:00:00,1.518432094,4.585088454
Verizon,US-DA3,2024-05-08 22:00:00,1.631298112,4.587799848
Verizon,US-DA3,2024-05-08 23:00:00,0.116991471,1.722119761
Verizon,US-DA3,2024-05-09 00:00:00,8.218065348,2.165056752
Verizon,US-DA3,2024-05-09 01:00:00,9.315300445,2.575881772
Verizon,US-DA3,2024-05-09 02:00:00,1.493328951,10.520229461
Verizon,US-DA3,2024-05-09 03:00:00,1.798052112,2.379724223
Verizon,US-DA3,2024-05-09 04:00:00,0.862901636,9.006671892
Verizon,US-DA3,2024-05-09 05:00:00,2.699306281,11.488075298
Verizon,US-DA3,2024-05-09 06:00:00,9.293342977,10.179279896
Verizon,US-DA3,2024-05-09 07:00:00,5.209041001,3.093319028
Verizon,US-DA3,2024-05-09 08:00:00,0.851445977,2.002693461
Verizon,US-DA3,2024-05-09 09:00:00,1.75402537,8.481411541
Verizon,US-DA3,2024-05-09 10:00:00,1.107104371,6.865032396
Verizon,US-DA3,2024-05-09 11:00:00,4.145285669,4.697996849
Verizon,US-DA3,2024-05-09 12:00:00,2.533376281,11.11969373
Verizon,US-DA3,2024-05-09 13:00:00,9.039762718,10.520229461
Verizon,US-DA3,2024-05-09 14:00:00,1.252997088,6.887641504
Verizon,US-DA3,2024-05-09 15:00:00,2.620671043,8.673218401
Verizon,US-DA3,2024-05-09 16:00:00,2.394080385,2.53719506
Verizon,US-DA3,2024-05-09 17:00:00,0.892527505,10.751560443
Verizon,US-DA3,2024-05-09 18:00:00,1.87938584,9.100130601
Verizon,US-DA3,2024-05-09 19:00:00,2.520224964,7.507559607
Verizon,US-DA3,2024-05-09 20:00:00,1.618497335,3.838845727
Verizon,US-DA3,2024-05-09 21:00:00,1.186338599,3.373794837
Verizon,US-DA3,2024-05-09 22:00:00,0.0,3.914903688
Verizon,US-DA3,2024-05-09 23:00:00,12.612572085,3.921925321
Verizon,US-DA3,2024-05-10 00:00:00,0.748021949,3.973769992
Verizon,US-DA3,2024-05-10 01:00:00,1.23106033,3.658530853
Verizon,US-DA3,2024-05-10 02:00:00,4.261482418,2.294648808
Verizon,US-DA3,2024-05-10 03:00:00,11.169648003,7.580916996
Verizon,US-DA3,2024-05-10 04:00:00,1.766950057,6.550225846
Verizon,US-DA3,2024-05-10 05:00:00,2.185181284,2.403111113
Verizon,US-DA3,2024-05-10 06:00:00,1.496905301,4.564396336
Verizon,US-DA3,2024-05-10 07:00:00,10.026792226,3.916131671
Verizon,US-DA3,2024-05-10 08:00:00,1.38219744,1.91808598
Verizon,US-DA3,2024-05-10 09:00:00,1.318556695,10.089923992
Verizon,US-DA3,2024-05-10 10:00:00,0.629455388,3.812551031
Verizon,US-DA3,2024-05-10 11:00:00,0.494804341,11.43216589
Verizon,US-DA3,2024-05-10 12:00:00,7.276533541,4.266405206
Verizon,US-DA3,2024-05-10 13:00:00,1.138167655,7.823652858
Verizon,US-DA3,2024-05-10 14:00:00,1.429119049,3.666947565
Verizon,US-DA3,2024-05-10 15:00:00,1.135520644,11.513403043
Verizon,US-DA3,2024-05-10 16:00:00,0.880946767,8.988697193
Verizon,US-DA3,2024-05-10 17:00:00,1.612647822,12.580765143
Verizon,US-DA3,2024-05-10 18:00:00,0.67259448,1.6358166870000002
Verizon,US-DA3,2024-05-10 19:00:00,7.592251683,12.173134899
Verizon,US-DA3,2024-05-10 20:00:00,1.609704962,6.977919626
Verizon,US-DA3,2024-05-10 21:00:00,1.83804107,13.313878058
Verizon,US-DA3,2024-05-10 22:00:00,0.641535051,2.458294457
Verizon,US-DA3,2024-05-10 23:00:00,9.663670278,3.908225345
Verizon,US-DA3,2024-05-11 00:00:00,1.444170943,11.8267741
Verizon,US-DA3,2024-05-11 01:00:00,1.025590514,0.0
Verizon,US-DA3,2024-05-11 02:00:00,2.811377138,5.0782344550000005
Verizon,US-DA3,2024-05-11 03:00:00,1.648075773,3.80062371
Verizon,US-DA3,2024-05-11 04:00:00,5.30100989,4.574480145
Verizon,US-DA3,2024-05-11 05:00:00,0.0,4.405736308
Verizon,US-DA3,2024-05-11 06:00:00,1.249980677,8.514019501
Verizon,US-DA3,2024-05-11 07:00:00,0.679853714,4.342493426
Verizon,US-DA3,2024-05-11 08:00:00,0.853885219,10.830847803
Verizon,US-DA3,2024-05-11 09:00:00,0.741191405,4.879078673
Verizon,US-DA3,2024-05-11 10:00:00,1.074014787,10.783917654
Verizon,US-DA3,2024-05-11 11:00:00,1.659982729,3.757101655
Verizon,US-DA3,2024-05-11 12:00:00,0.948604754,4.236029167
Verizon,US-DA3,2024-05-11 13:00:00,0.889758608,1.844491524
Verizon,US-DA3,2024-05-11 14:00:00,2.452499468,3.421017569
Verizon,US-DA3,2024-05-11 15:00:00,8.840973422,2.886702137
Verizon,US-DA3,2024-05-11 16:00:00,1.225272153,3.757101655
Verizon,US-DA3,2024-05-11 17:00:00,10.16852452,9.918257687
Verizon,US-DA3,2024-05-11 18:00:00,1.346993035,10.650248867
Verizon,US-DA3,2024-05-11 19:00:00,1.193615728,2.129500155
Verizon,US-DA3,2024-05-11 20:00:00,1.873954184,10.165582246
Verizon,US-DA3,2024-05-11 21:00:00,1.3060852,12.041746912
Verizon,US-DA3,2024-05-11 22:00:00,0.578708195,10.374308478
Verizon,US-DA3,2024-05-11 23:00:00,1.058033394,3.540537512
Verizon,US-DA3,2024-05-12 00:00:00,1.273866347,4.014604812
Verizon,US-DA3,2024-05-12 01:00:00,1.342958131,1.955984192
Verizon,US-DA3,2024-05-12 02:00:00,8.140159838,2.886702137
Verizon,US-DA3,2024-05-12 03:00:00,1.990815317,2.758836799
Verizon,US-DA3,2024-05-12 04:00:00,9.440797483,8.913431419
Verizon,US-DA3,2024-05-12 05:00:00,2.005170436,2.786196066
Verizon,US-DA3,2024-05-12 06:00:00,1.15502018,16.086913373999998
Verizon,US-DA3,2024-05-12 07:00:00,10.531940272,3.069998673
Verizon,US-DA3,2024-05-12 08:00:00,8.246586787,11.812364196
Verizon,US-DA3,2024-05-12 09:00:00,8.17313969,4.231567883
Verizon,US-DA3,2024-05-12 10:00:00,6.068804478,7.447373803
Verizon,US-DA3,2024-05-12 11:00:00,1.730530105,3.1838038440000003
Verizon,US-DA3,2024-05-12 12:00:00,2.884174275,2.15587814
Verizon,US-DA3,2024-05-12 13:00:00,1.744273179,2.850205416
Verizon,US-DA3,2024-05-12 14:00:00,0.978712756,10.504556352
Verizon,US-DA3,2024-05-12 15:00:00,9.950342068,5.724905531
Verizon,US-DA3,2024-05-12 16:00:00,1.179381793,12.204455188
Verizon,US-DA3,2024-05-12 17:00:00,3.921698358,3.944503746
Verizon,US-DA3,2024-05-12 18:00:00,1.407516776,2.161298999
Verizon,US-DA3,2024-05-12 19:00:00,1.57165941,3.421017569
Verizon,US-DA3,2024-05-12 20:00:00,0.836959207,4.005222317
Verizon,US-DA3,2024-05-12 21:00:00,0.746235604,3.643844499
Verizon,US-DA3,2024-05-12 22:00:00,0.0,2.602374151
Verizon,US-DA3,2024-05-12 23:00:00,0.6600547170000001,1.707406503
Verizon,US-DA3,2024-05-13 00:00:00,0.798221624,4.385908963
Verizon,US-DA3,2024-05-13 01:00:00,1.411229685,10.606051833
Verizon,US-DA3,2024-05-13 02:00:00,1.305595741,5.167073481
Verizon,US-DA3,2024-05-13 03:00:00,1.413211706,2.53719506
Verizon,US-DA3,2024-05-13 04:00:00,10.531940272,9.006671892
Verizon,US-DA3,2024-05-13 05:00:00,1.216501049,4.697996849
Verizon,US-DA3,2024-05-13 06:00:00,1.126002625,11.958096547
Verizon,US-DA3,2024-05-13 07:00:00,0.685913755,11.597891629
Verizon,US-DA3,2024-05-13 08:00:00,0.67812793,1.745085534
Verizon,US-DA3,2024-05-13 09:00:00,3.276447776,2.189836907
Verizon,US-DA3,2024-05-13 10:00:00,1.508511729,4.231567883
Verizon,US-DA3,2024-05-13 11:00:00,1.254927998,3.383817127
Verizon,US-DA3,2024-05-13 12:00:00,1.05802475,2.390404635
Verizon,US-DA3,2024-05-13 13:00:00,2.750057513,4.056232971
Verizon,US-DA3,2024-05-13 14:00:00,0.966891091,1.537864216
Verizon,US-DA3,2024-05-13 15:00:00,0.764213494,4.51591237
Verizon,US-DA3,2024-05-13 16:00:00,0.99314522,9.17473121
Verizon,US-DA3,2024-05-13 17:00:00,1.152951675,3.838845727
Verizon,US-DA3,2024-05-13 18:00:00,1.533363508,6.387534672
Verizon,US-DA3,2024-05-13 19:00:00,10.110163449,10.96791971
Verizon,US-DA3,2024-05-13 20:00:00,6.104143476,1.562071556
Verizon,US-DA3,2024-05-13 21:00:00,0.725289911,8.65479307
Verizon,US-DA3,2024-05-13 22:00:00,9.142250296,5.490585707
Verizon,US-DA3,2024-05-13 23:00:00,6.332707443,9.689268193
Verizon,US-DA3,2024-05-14 00:00:00,0.522103015,4.116795549
Verizon,US-DA3,2024-05-14 01:00:00,0.66103857,12.28615992
Verizon,US-DA3,2024-05-14 02:00:00,0.73112692,4.273113387
Verizon,US-DA3,2024-05-14 03:00:00,2.521796178,2.164444314
Verizon,US-DA3,2024-05-14 04:00:00,3.840296784,11.466085978
Verizon,US-DA3,2024-05-14 05:00:00,10.918802517,5.459179349999999
Verizon,US-DA3,2024-05-14 06:00:00,1.218390013,2.067259531
Verizon,US-DA3,2024-05-14 07:00:00,5.594724117,10.778913019
Verizon,US-DA3,2024-05-14 08:00:00,0.681617342,2.089261634
Verizon,US-DA3,2024-05-14 09:00:00,0.0,7.385996089
Verizon,US-DA3,2024-05-14 10:00:00,1.197005914,3.477130491
Verizon,US-DA3,2024-05-14 11:00:00,3.619454583,5.179132055
Verizon,US-DA3,2024-05-14 12:00:00,1.048199691,7.963876848
Verizon,US-DA3,2024-05-14 13:00:00,0.681423388,5.913196814
Verizon,US-DA3,2024-05-14 14:00:00,1.081775815,1.730860776
Verizon,US-DA3,2024-05-14 15:00:00,1.83804107,8.260370310999999
Verizon,US-DA3,2024-05-14 16:00:00,7.276533541,3.871650013
Verizon,US-DA3,2024-05-14 17:00:00,5.348271431000001,4.701947665
Verizon,US-DA3,2024-05-14 18:00:00,1.649247278,11.175805347
Verizon,US-DA3,2024-05-14 19:00:00,1.218390013,3.666947565
Verizon,US-DA3,2024-05-14 20:00:00,9.950342068,4.888862457
Verizon,US-DA3,2024-05-14 21:00:00,2.125548858,13.0433333
Verizon,US-DA3,2024-05-14 22:00:00,1.609704962,9.503290975
Verizon,US-DA3,2024-05-14 23:00:00,0.570859248,9.851667028
Verizon,US-DA3,2024-05-15 00:00:00,1.290738923,2.422788214
Verizon,US-DA3,2024-05-15 01:00:00,3.540820261,4.430113012
Verizon,US-DA3,2024-05-15 02:00:00,0.855667453,4.592582602
Verizon,US-DA3,2024-05-15 03:00:00,3.840296784,13.240700962
Verizon,US-DA3,2024-05-15 04:00:00,11.169648003,4.229300486
Verizon,US-DA3,2024-05-15 05:00:00,1.779675075,2.164444314
Verizon,US-DA3,2024-05-15 06:00:00,2.205417562,1.77428288
Verizon,US-DA3,2024-05-15 07:00:00,9.280849231,16.086913373999998
Verizon,US-DA3,2024-05-15 08:00:00,6.709141299,2.689426085
Verizon,US-DA3,2024-05-15 09:00:00,1.481672726,7.540855437
Verizon,US-DA3,2024-05-15 10:00:00,0.684799908,3.184200762
Verizon,US-DA3,2024-05-15 11:00:00,0.608062447,3.192397502
Verizon,US-DA3,2024-05-15 12:00:00,0.981364129,4.394806034
Verizon,US-DA3,2024-05-15 13:00:00,1.173081458,1.90307408
Verizon,US-DA3,2024-05-15 14:00:00,2.981699448,3.864929263
Verizon,US-DA3,2024-05-15 15:00:00,1.218390013,6.518568534
Verizon,US-DA3,2024-05-15 16:00:00,0.8222649799999999,4.919839368
Verizon,US-DA3,2024-05-15 17:00:00,3.079744093,5.314301726
Verizon,US-DA3,2024-05-15 18:00:00,1.974975209,4.478070436
Verizon,US-DA3,2024-05-15 19:00:00,3.684749607,4.422174547
Verizon,US-DA3,2024-05-15 20:00:00,0.853885219,4.704828503
Verizon,US-DA3,2024-05-15 21:00:00,2.941580771,2.846924965
Verizon,US-DA3,2024-05-15 22:00:00,7.501593236,2.954697861
Verizon,US-DA3,2024-05-15 23:00:00,6.858527031,4.940994268
Verizon,US-DA3,2024-05-16 00:00:00,1.646113664,4.163275395
Verizon,US-DA3,2024-05-16 01:00:00,0.567956557,2.391207379
Verizon,US-DA3,2024-05-16 02:00:00,4.123836151,10.021471138
Verizon,US-DA3,2024-05-16 03:00:00,2.125209277,5.015414073
Verizon,US-DA3,2024-05-16 04:00:00,1.018615453,3.85066536
Verizon,US-DA3,2024-05-16 05:00:00,9.455431524,2.268632973
Verizon,US-DA3,2024-05-16 06:00:00,7.996106839999999,11.288958043
Verizon,US-DA3,2024-05-16 07:00:00,0.0,4.014287661
Verizon,US-DA3,2024-05-16 08:00:00,2.044479603,10.598202604
Verizon,US-DA3,2024-05-16 09:00:00,4.9461769140000005,1.893961153
Verizon,US-DA3,2024-05-16 10:00:00,1.318556695,5.260365715
Verizon,US-DA3,2024-05-16 11:00:00,1.510014837,4.064600945
Verizon,US-DA3,2024-05-16 12:00:00,6.709141299,10.258432653
Verizon,US-DA3,2024-05-16 13:00:00,1.974464357,3.913671782
Verizon,US-DA3,2024-05-16 14:00:00,1.704683053,9.503290975
Verizon,US-DA3,2024-05-16 15:00:00,4.359039237,2.789076299
Verizon,US-DA3,2024-05-16 16:00:00,1.069677909,2.038098329
Verizon,US-DA3,2024-05-16 17:00:00,1.086171038,1.232911489
Verizon,US-DA3,2024-05-16 18:00:00,1.445444321,3.98456495
Verizon,US-DA3,2024-05-16 19:00:00,1.012238609,5.029831405
Verizon,US-DA3,2024-05-16 20:00:00,7.513855262,9.006671892
Verizon,US-DA3,2024-05-16 21:00:00,1.02450923,1.809898345
Verizon,US-DA3,2024-05-16 22:00:00,2.477713734,1.762432003
Verizon,US-DA3,2024-05-16 23:00:00,7.201241927,1.710514911
Verizon,US-DA3,2024-05-17 00:00:00,0.0,7.985688144
Verizon,US-DA3,2024-05-17 01:00:00,4.123924896,3.808545758
Verizon,US-DA3,2024-05-17 02:00:00,9.623044791,2.429849325
Verizon,US-DA3,2024-05-17 03:00:00,6.396868241,4.201446881
Verizon,US-DA3,2024-05-17 04:00:00,1.779675075,3.018512942
Verizon,US-DA3,2024-05-17 05:00:00,0.842538147,11.062179491
Verizon,US-DA3,2024-05-17 06:00:00,7.726770411,11.11969373
Verizon,US-DA3,2024-05-17 07:00:00,2.452499468,4.044379889
Verizon,US-DA3,2024-05-17 08:00:00,1.338288679,12.967915769
Verizon,US-DA3,2024-05-17 09:00:00,3.796071916,4.213147098
Verizon,US-DA3,2024-05-17 10:00:00,12.850171188,5.583568768
Verizon,US-DA3,2024-05-17 11:00:00,1.459523066,4.409675608
Verizon,US-DA3,2024-05-17 12:00:00,2.357317305,5.0782344550000005
Verizon,US-DA3,2024-05-17 13:00:00,3.773608251,2.304509227
Verizon,US-DA3,2024-05-17 14:00:00,8.88065787,2.6651748690000003
Verizon,US-DA3,2024-05-17 15:00:00,0.989809599,4.522974979
Verizon,US-DA3,2024-05-17 16:00:00,0.8921322230000001,11.466085978
Verizon,US-DA3,2024-05-17 17:00:00,1.371998883,5.203228275
Verizon,US-DA3,2024-05-17 18:00:00,0.981364129,11.812364196
Verizon,US-DA3,2024-05-17 19:00:00,2.044479603,3.418759275
Verizon,US-DA3,2024-05-17 20:00:00,3.866197741,2.312692329
Verizon,US-DA3,2024-05-17 21:00:00,1.649247278,13.313878058
Verizon,US-DA3,2024-05-17 22:00:00,7.726770411,2.020124319
Verizon,US-DA3,2024-05-17 23:00:00,1.62119538,2.294648808
Verizon,US-DA3,2024-05-18 00:00:00,7.36415431,12.380553681
Verizon,US-DA3,2024-05-18 01:00:00,1.294780398,3.983947498
Verizon,US-DA3,2024-05-18 02:00:00,0.7533134659999999,5.456649755
Verizon,US-DA3,2024-05-18 03:00:00,4.0754577,5.353980206
Verizon,US-DA3,2024-05-18 04:00:00,3.77382611,11.612837284
Verizon,US-DA3,2024-05-18 05:00:00,4.487746854,2.144753849
Verizon,US-DA3,2024-05-18 06:00:00,1.270510928,2.091062483
Verizon,US-DA3,2024-05-18 07:00:00,1.28984261,4.105452199
Verizon,US-DA3,2024-05-18 08:00:00,7.276533541,2.289703757
Verizon,US-DA3,2024-05-18 09:00:00,0.918430454,9.098172648
Verizon,US-DA3,2024-05-18 10:00:00,0.725289911,5.015414073
Verizon,US-DA3,2024-05-18 11:00:00,1.546867653,3.069998673
Verizon,US-DA3,2024-05-18 12:00:00,6.35063413,2.566345556
Verizon,US-DA3,2024-05-18 13:00:00,0.681617342,1.722119761
Verizon,US-DA3,2024-05-18 14:00:00,1.936630979,12.62509154
Verizon,US-DA3,2024-05-18 15:00:00,0.8667080540000001,3.921925321
Verizon,US-DA3,2024-05-18 16:00:00,3.208028598,11.355824739
Verizon,US-DA3,2024-05-18 17:00:00,0.626982049,10.607989687
Verizon,US-DA3,2024-05-18 18:00:00,1.090835646,10.197603405
Verizon,US-DA3,2024-05-18 19:00:00,1.808960378,10.700030102
Verizon,US-DA3,2024-05-18 20:00:00,0.679853714,10.872214398
Verizon,US-DA3,2024-05-18 21:00:00,1.650863376,4.732689004
Verizon,US-DA3,2024-05-18 22:00:00,0.584851172,9.598679989
Verizon,US-DA3,2024-05-18 23:00:00,2.924952403,19.512626778
Verizon,US-DA3,2024-05-19 00:00:00,11.216936666,4.117885214999999
Verizon,US-DA3,2024-05-19 01:00:00,4.060800825,0.0
Verizon,US-DA3,2024-05-19 02:00:00,1.508511729,4.351237677
Verizon,US-DA3,2024-05-19 03:00:00,2.280574848,9.413866259
Verizon,US-DA3,2024-05-19 04:00:00,1.650863376,6.685363266
Verizon,US-DA3,2024-05-19 05:00:00,2.520224964,9.100130601
Verizon,US-DA3,2024-05-19 06:00:00,3.87986338,5.583568768
Verizon,US-DA3,2024-05-19 07:00:00,0.712814991,1.745085534
Verizon,US-DA3,2024-05-19 08:00:00,2.905312562,3.128533363
Verizon,US-DA3,2024-05-19 09:00:00,1.28984261,11.355495215
Verizon,US-DA3,2024-05-19 10:00:00,2.394080385,11.747059926
Verizon,US-DA3,2024-05-19 11:00:00,1.367984412,2.666896615
Verizon,US-DA3,2024-05-19 12:00:00,0.647991969,9.147207881
Verizon,US-DA3,2024-05-19 13:00:00,9.927701657,2.040569341
Verizon,US-DA3,2024-05-19 14:00:00,8.88065787,7.027932961
Verizon,US-DA3,2024-05-19 15:00:00,7.871281394,5.029831405
Verizon,US-DA3,2024-05-19 16:00:00,1.62119538,2.869260543
Verizon,US-DA3,2024-05-19 17:00:00,3.489724728,2.289216989
Verizon,US-DA3,2024-05-19 18:00:00,1.997608858,1.489482692
Verizon,US-DA3,2024-05-19 19:00:00,3.029298675,8.289566401
Verizon,US-DA3,2024-05-19 20:00:00,10.295020635,4.278688324
Verizon,US-DA3,2024-05-19 21:00:00,10.001390978,8.65479307
Verizon,US-DA3,2024-05-19 22:00:00,0.684799908,2.370065485
Verizon,US-DA3,2024-05-19 23:00:00,9.955662947,5.076778388
Verizon,US-DA3,2024-05-20 00:00:00,2.289128134,3.876667452
Verizon,US-DA3,2024-05-20 01:00:00,1.526733968,2.857783809
Verizon,US-DA3,2024-05-20 02:00:00,0.889758608,1.897630897
Verizon,US-DA3,2024-05-20 03:00:00,7.91398689,9.098172648
Verizon,US-DA3,2024-05-20 04:00:00,4.145285669,2.321470044
Verizon,US-DA3,2024-05-20 05:00:00,3.921698358,7.662911473999999
Verizon,US-DA3,2024-05-20 06:00:00,1.629146167,3.898935288
Verizon,US-DA3,2024-05-20 07:00:00,9.142250296,5.067335205
Verizon,US-DA3,2024-05-20 08:00:00,2.10139575,4.123430402
Verizon,US-DA3,2024-05-20 09:00:00,10.903751193,2.813662517
Verizon,US-DA3,2024-05-20 10:00:00,1.498412847,4.940994268
Verizon,US-DA3,2024-05-20 11:00:00,2.159979307,1.642981581
Verizon,US-DA3,2024-05-20 12:00:00,1.484060586,1.907206634
Verizon,US-DA3,2024-05-20 13:00:00,0.969887817,10.866220669
Verizon,US-DA3,2024-05-20 14:00:00,1.367018584,4.442291481
Verizon,US-DA3,2024-05-20 15:00:00,1.825131724,4.259911005
Verizon,US-DA3,2024-05-20 16:00:00,1.877680674,3.963524168
Verizon,US-DA3,2024-05-20 17:00:00,0.918814948,0.0
Verizon,US-DA3,2024-05-20 18:00:00,0.570709966,4.837873182
Verizon,US-DA3,2024-05-20 19:00:00,1.019943335,2.013128685
Verizon,US-DA3,2024-05-20 20:00:00,0.656648523,2.869260543
Verizon,US-DA3,2024-05-20 21:00:00,1.111985082,2.291613399
Verizon,US-DA3,2024-05-20 22:00:00,0.761916167,4.027513731
Verizon,US-DA3,2024-05-20 23:00:00,1.314866904,5.354399146
Verizon,US-DA3,2024-05-21 00:00:00,1.612647822,13.240700962
Verizon,US-DA3,2024-05-21 01:00:00,8.468935495,0.0
Verizon,US-DA3,2024-05-21 02:00:00,6.423374527,8.256314253
Verizon,US-DA3,2024-05-21 03:00:00,1.650411006,5.260365715
Verizon,US-DA3,2024-05-21 04:00:00,7.766124955,4.064600945
Verizon,US-DA3,2024-05-21 05:00:00,1.124454069,2.135887776
Verizon,US-DA3,2024-05-21 06:00:00,1.888395224,1.731729113
Verizon,US-DA3,2024-05-21 07:00:00,0.508248036,2.661855102
Verizon,US-DA3,2024-05-21 08:00:00,1.974513781,2.831046926
Verizon,US-DA3,2024-05-21 09:00:00,1.062190487,0.0
Verizon,US-DA3,2024-05-21 10:00:00,0.751523861,4.644600992
Verizon,US-DA3,2024-05-21 11:00:00,3.27653033,4.492483514
Verizon,US-DA3,2024-05-21 12:00:00,1.372715922,9.851667028
Verizon,US-DA3,2024-05-21 13:00:00,1.429059073,2.268632973
Verizon,US-DA3,2024-05-21 14:00:00,1.074014787,0.0
Verizon,US-DA3,2024-05-21 15:00:00,1.798052112,11.241804216
Verizon,US-DA3,2024-05-21 16:00:00,1.031544663,7.823652858
Verizon,US-DA3,2024-05-21 17:00:00,0.779940382,10.606051833
Verizon,US-DA3,2024-05-21 18:00:00,1.645750717,2.814498891
Verizon,US-DA3,2024-05-21 19:00:00,8.279644159,4.015602188
Verizon,US-DA3,2024-05-21 20:00:00,0.814200661,1.58092019
Verizon,US-DA3,2024-05-21 21:00:00,0.969887817,11.851900431
Verizon,US-DA3,2024-05-21 22:00:00,1.7856233700000002,10.28675746
Verizon,US-DA3,2024-05-21 23:00:00,8.701051932,8.076027721
Verizon,US-DA3,2024-05-22 00:00:00,1.431449939,10.506076429
Verizon,US-DA3,2024-05-22 01:00:00,1.338288679,2.15587814
Verizon,US-DA3,2024-05-22 02:00:00,0.766537612,11.734904428
Verizon,US-DA3,2024-05-22 03:00:00,1.179381793,5.78582701
Verizon,US-DA3,2024-05-22 04:00:00,0.593417943,10.195553412
Verizon,US-DA3,2024-05-22 05:00:00,0.766537612,3.418759275
Verizon,US-DA3,2024-05-22 06:00:00,6.709141299,4.704828503
Verizon,US-DA3,2024-05-22 07:00:00,4.65409649,18.297901182
Verizon,US-DA3,2024-05-22 08:00:00,1.888395224,2.526370663
Verizon,US-DA3,2024-05-22 09:00:00,0.5984128790000001,13.111864924
Verizon,US-DA3,2024-05-22 10:00:00,0.725289911,12.580765143
Verizon,US-DA3,2024-05-22 11:00:00,0.8076040879999999,1.43889315
Verizon,US-DA3,2024-05-22 12:00:00,6.332707443,16.858639016999998
Verizon,US-DA3,2024-05-22 13:00:00,2.75049255,3.418866322
Verizon,US-DA3,2024-05-22 14:00:00,1.783114251,5.5797604430000005
Verizon,US-DA3,2024-05-22 15:00:00,0.0,12.327977381
Verizon,US-DA3,2024-05-22 16:00:00,1.031544663,8.846197672
Verizon,US-DA3,2024-05-22 17:00:00,0.8535213709999999,2.791354559
Verizon,US-DA3,2024-05-22 18:00:00,4.143807759,10.553354326
Verizon,US-DA3,2024-05-22 19:00:00,8.592050492,8.699411801
Verizon,US-DA3,2024-05-22 20:00:00,1.484060586,10.28675746
Verizon,US-DA3,2024-05-22 21:00:00,0.976592702,1.849379929
Verizon,US-DA3,2024-05-22 22:00:00,1.484060586,0.0
Verizon,US-DA3,2024-05-22 23:00:00,0.571406597,3.908225345
Verizon,US-DA3,2024-05-23 00:00:00,0.668427823,1.762432003
Verizon,US-DA3,2024-05-23 01:00:00,0.75274246,3.149254399
Verizon,US-DA3,2024-05-23 02:00:00,8.8223739,0.833865873
Verizon,US-DA3,2024-05-23 03:00:00,0.0,4.153209013
Verizon,US-DA3,2024-05-23 04:00:00,0.555023761,4.231567883
Verizon,US-DA3,2024-05-23 05:00:00,1.845765648,10.896338763
Verizon,US-DA3,2024-05-23 06:00:00,10.016815459,5.267859046
Verizon,US-DA3,2024-05-23 07:00:00,8.17313969,8.514019501
Verizon,US-DA3,2024-05-23 08:00:00,0.766537612,4.35155121
Verizon,US-DA3,2024-05-23 09:00:00,1.888395224,2.335718261
Verizon,US-DA3,2024-05-23 10:00:00,0.508248036,2.015180547
Verizon,US-DA3,2024-05-23 11:00:00,0.862901636,6.395399528
Verizon,US-DA3,2024-05-23 12:00:00,1.225272153,7.920060316000001
Verizon,US-DA3,2024-05-23 13:00:00,0.6087192349999999,7.04093571
Verizon,US-DA3,2024-05-23 14:00:00,10.110163449,3.494632557
Verizon,US-DA3,2024-05-23 15:00:00,3.542944531,2.206972175
Verizon,US-DA3,2024-05-23 16:00:00,1.609113628,10.506076429
Verizon,US-DA3,2024-05-23 17:00:00,8.76751056,8.260370310999999
Verizon,US-DA3,2024-05-23 18:00:00,1.797950447,3.809892921
Verizon,US-DA3,2024-05-23 19:00:00,0.963233318,3.530926697
Verizon,US-DA3,2024-05-23 20:00:00,2.359084464,3.859738403
Verizon,US-DA3,2024-05-23 21:00:00,0.51031918,3.921925321
Verizon,US-DA3,2024-05-23 22:00:00,3.540820261,11.534441237
Verizon,US-DA3,2024-05-23 23:00:00,1.97578903,5.593107691
Verizon,US-DA3,2024-05-24 00:00:00,2.654615706,4.758529572
Verizon,US-DA3,2024-05-24 01:00:00,1.475730623,6.024396975
Verizon,US-DA3,2024-05-24 02:00:00,4.545844102,4.027513731
Verizon,US-DA3,2024-05-24 03:00:00,0.554887438,5.213831443
Verizon,US-DA3,2024-05-24 04:00:00,0.856357918,4.488852228
Verizon,US-DA3,2024-05-24 05:00:00,9.482233297,4.253289017
Verizon,US-DA3,2024-05-24 06:00:00,1.684894739,12.246724393
Verizon,US-DA3,2024-05-24 07:00:00,2.584280407,2.554369804
Verizon,US-DA3,2024-05-24 08:00:00,0.939724233,6.076295011999999
Verizon,US-DA3,2024-05-24 09:00:00,1.258817944,3.291978208
Verizon,US-DA3,2024-05-24 10:00:00,6.159900453,12.28615992
Verizon,US-DA3,2024-05-24 11:00:00,1.974513781,6.276084675
Verizon,US-DA3,2024-05-24 12:00:00,9.039762718,2.6651748690000003
Verizon,US-DA3,2024-05-24 13:00:00,1.264598431,5.314301726
Verizon,US-DA3,2024-05-24 14:00:00,2.545900019,8.581789943
Verizon,US-DA3,2024-05-24 15:00:00,0.711647209,4.139551294
Verizon,US-DA3,2024-05-24 16:00:00,0.851432798,2.665354169
Verizon,US-DA3,2024-05-24 17:00:00,2.209582252,11.345376706
Verizon,US-DA3,2024-05-24 18:00:00,0.853885219,2.4521904670000003
Verizon,US-DA3,2024-05-24 19:00:00,10.45634823,9.802309033
Verizon,US-DA3,2024-05-24 20:00:00,1.126002625,5.780437697
Verizon,US-DA3,2024-05-24 21:00:00,0.738139543,3.301735561
Verizon,US-DA3,2024-05-24 22:00:00,1.612647822,12.62509154
Verizon,US-DA3,2024-05-24 23:00:00,7.298112579,3.018909745
Verizon,US-DA3,2024-05-25 00:00:00,3.276447776,3.556394909
Verizon,US-DA3,2024-05-25 01:00:00,1.609113628,1.890021164
Verizon,US-DA3,2024-05-25 02:00:00,9.280849231,10.786213634
Verizon,US-DA3,2024-05-25 03:00:00,0.866363463,4.278688324
Verizon,US-DA3,2024-05-25 04:00:00,3.243293205,12.290825521
Verizon,US-DA3,2024-05-25 05:00:00,1.28984261,5.293864294
Verizon,US-DA3,2024-05-25 06:00:00,1.23068301,4.409675608
Verizon,US-DA3,2024-05-25 07:00:00,0.8418628539999999,5.681522131
Verizon,US-DA3,2024-05-25 08:00:00,1.224762549,4.879078673
Verizon,US-DA3,2024-05-25 09:00:00,1.609704962,2.458294457
Verizon,US-DA3,2024-05-25 10:00:00,1.504884245,3.5086490020000003
Verizon,US-DA3,2024-05-25 11:00:00,8.408523137,4.796929924
Verizon,US-DA3,2024-05-25 12:00:00,1.938542693,1.409721851
Verizon,US-DA3,2024-05-25 13:00:00,10.203970662,2.503046178
Verizon,US-DA3,2024-05-25 14:00:00,1.175002123,1.996743584
Verizon,US-DA3,2024-05-25 15:00:00,1.181787792,4.723932899
Verizon,US-DA3,2024-05-25 16:00:00,1.438639864,2.481107224
Verizon,US-DA3,2024-05-25 17:00:00,1.709331371,3.656995875
Verizon,US-DA3,2024-05-25 18:00:00,8.846152425,5.067335205
Verizon,US-DA3,2024-05-25 19:00:00,0.58793805,7.385996089
Verizon,US-DA3,2024-05-25 20:00:00,10.903751193,4.712924844
Verizon,US-DA3,2024-05-25 21:00:00,0.555023761,11.549112296
Verizon,US-DA3,2024-05-25 22:00:00,8.846152425,1.444370114
Verizon,US-DA3,2024-05-25 23:00:00,0.892527505,3.983947498
Verizon,US-DA3,2024-05-26 00:00:00,0.656648523,4.492483514
Verizon,US-DA3,2024-05-26 01:00:00,1.556349468,7.920060316000001
Verizon,US-DA3,2024-05-26 02:00:00,1.367984412,10.992335786
Verizon,US-DA3,2024-05-26 03:00:00,1.005004637,12.483699179
Verizon,US-DA3,2024-05-26 04:00:00,1.155949323,2.382964534
Verizon,US-DA3,2024-05-26 05:00:00,0.0,2.302844175
Verizon,US-DA3,2024-05-26 06:00:00,1.302444425,4.014604812
Verizon,US-DA3,2024-05-26 07:00:00,0.69858444,3.898935288
Verizon,US-DA3,2024-05-26 08:00:00,1.253777737,2.026276498
Verizon,US-DA3,2024-05-26 09:00:00,12.612572085,4.072562756
Verizon,US-DA3,2024-05-26 10:00:00,1.708725911,3.90459657
Verizon,US-DA3,2024-05-26 11:00:00,9.496141986,2.12145173
Verizon,US-DA3,2024-05-26 12:00:00,1.107829517,1.890217033
Verizon,US-DA3,2024-05-26 13:00:00,0.75274246,10.165582246
Verizon,US-DA3,2024-05-26 14:00:00,2.760545006,3.620097737
Verizon,US-DA3,2024-05-26 15:00:00,2.17761098,4.487893077
Verizon,US-DA3,2024-05-26 16:00:00,1.195788567,4.021319529
Verizon,US-DA3,2024-05-26 17:00:00,10.696821605,8.289478646000001
Verizon,US-DA3,2024-05-26 18:00:00,7.784462305,3.05224201
Verizon,US-DA3,2024-05-26 19:00:00,0.5984128790000001,2.015180547
Verizon,US-DA3,2024-05-26 20:00:00,0.116991471,9.944554413
Verizon,US-DA3,2024-05-26 21:00:00,10.384517598,3.496863304
Verizon,US-DA3,2024-05-26 22:00:00,1.249980677,3.796771764
Verizon,US-DA3,2024-05-26 23:00:00,6.810092391,12.996758587
Verizon,US-DA3,2024-05-27 00:00:00,0.0,4.015602188
Verizon,US-DA3,2024-05-27 01:00:00,0.966891091,5.593107691
Verizon,US-DA3,2024-05-27 02:00:00,0.0,32.761258606
Verizon,US-DA3,2024-05-27 03:00:00,0.681617342,13.540461823
Verizon,US-DA3,2024-05-27 04:00:00,7.298112579,2.233032517
Verizon,US-DA3,2024-05-27 05:00:00,2.420211889,4.236029167
Verizon,US-DA3,2024-05-27 06:00:00,0.835361213,0.0
Verizon,US-DA3,2024-05-27 07:00:00,1.466961069,3.864929263
Verizon,US-DA3,2024-05-27 08:00:00,1.278498899,2.719666825
Verizon,US-DA3,2024-05-27 09:00:00,1.258749649,4.661999297
Verizon,US-DA3,2024-05-27 10:00:00,1.138167655,4.888663036
Verizon,US-DA3,2024-05-27 11:00:00,10.242084274,4.592582602
Verizon,US-DA3,2024-05-27 12:00:00,0.7437630829999999,10.932679133
Verizon,US-DA3,2024-05-27 13:00:00,0.616966009,0.0
Verizon,US-DA3,2024-05-27 14:00:00,0.371091108,1.965731814
Verizon,US-DA3,2024-05-27 15:00:00,11.169648003,9.898407986
Verizon,US-DA3,2024-05-27 16:00:00,1.099047191,2.954697861
Verizon,US-DA3,2024-05-27 17:00:00,1.094988562,7.540855437
Verizon,US-DA3,2024-05-27 18:00:00,0.836959207,1.6358166870000002
Verizon,US-DA3,2024-05-27 19:00:00,6.810092391,1.897630897
Verizon,US-DA3,2024-05-27 20:00:00,7.784462305,3.530926697
Verizon,US-DA3,2024-05-27 21:00:00,3.4596383,10.990114081
Verizon,US-DA3,2024-05-27 22:00:00,2.044479603,1.809898345
Verizon,US-DA3,2024-05-27 23:00:00,0.950073115,3.963524168
Verizon,US-DA3,2024-05-28 00:00:00,1.301138917,6.499742172
Verizon,US-DA3,2024-05-28 01:00:00,7.513855262,6.478874172
Verizon,US-DA3,2024-05-28 02:00:00,3.441458023,3.605046383
Verizon,US-DA3,2024-05-28 03:00:00,0.741191405,1.710514911
Verizon,US-DA3,2024-05-28 04:00:00,3.278951444,10.638195594
Verizon,US-DA3,2024-05-28 05:00:00,10.15966493,3.544245882
Verizon,US-DA3,2024-05-28 06:00:00,1.233013208,3.86319004
Verizon,US-DA3,2024-05-28 07:00:00,0.7533134659999999,3.386650789
Verizon,US-DA3,2024-05-28 08:00:00,2.35944035,3.162688623
Verizon,US-DA3,2024-05-28 09:00:00,1.181787792,2.463885075
Verizon,US-DA3,2024-05-28 10:00:00,4.466160327,11.776437318
Verizon,US-DA3,2024-05-28 11:00:00,1.218133004,1.852281828
Verizon,US-DA3,2024-05-28 12:00:00,0.622352757,4.990437102
Verizon,US-DA3,2024-05-28 13:00:00,4.359039237,11.316515315
Verizon,US-DA3,2024-05-28 14:00:00,4.299071228,0.0
Verizon,US-DA3,2024-05-28 15:00:00,2.362060309,11.161147976
Verizon,US-DA3,2024-05-28 16:00:00,4.218320505,3.894878814
Verizon,US-DA3,2024-05-28 17:00:00,1.130222724,11.062179491
Verizon,US-DA3,2024-05-28 18:00:00,6.251110631,3.976523115
Verizon,US-DA3,2024-05-28 19:00:00,0.99314522,0.0
Verizon,US-DA3,2024-05-28 20:00:00,0.738139543,10.952210604
Verizon,US-DA3,2024-05-28 21:00:00,1.147339899,5.797674421
Verizon,US-DA3,2024-05-28 22:00:00,1.518432094,10.606051833
Verizon,US-DA3,2024-05-28 23:00:00,1.244168122,2.443427227
Verizon,US-DA3,2024-05-29 00:00:00,0.0,9.579489447
Verizon,US-DA3,2024-05-29 01:00:00,1.445444321,11.085551135
Verizon,US-DA3,2024-05-29 02:00:00,25.41586434,0.0
Verizon,US-DA3,2024-05-29 03:00:00,1.383489557,4.559966045
Verizon,US-DA3,2024-05-29 04:00:00,2.185181284,2.033256693
Verizon,US-DA3,2024-05-29 05:00:00,3.57994234,4.477616394
Verizon,US-DA3,2024-05-29 06:00:00,7.263576243,11.672825172
Verizon,US-DA3,2024-05-29 07:00:00,0.6087192349999999,11.70839695
Verizon,US-DA3,2024-05-29 08:00:00,8.218065348,3.725163126
Verizon,US-DA3,2024-05-29 09:00:00,0.615918342,1.881530107
Verizon,US-DA3,2024-05-29 10:00:00,1.247707722,12.563565205
Verizon,US-DA3,2024-05-29 11:00:00,7.738381253,9.147207881
Verizon,US-DA3,2024-05-29 12:00:00,5.546453109,12.497711608
Verizon,US-DA3,2024-05-29 13:00:00,7.88396159,14.283415862
Verizon,US-DA3,2024-05-29 14:00:00,3.540820261,0.833865873
Verizon,US-DA3,2024-05-29 15:00:00,1.110646899,2.033834142
Verizon,US-DA3,2024-05-29 16:00:00,1.401796256,5.780437697
Verizon,US-DA3,2024-05-29 17:00:00,9.293342977,4.67166262
Verizon,US-DA3,2024-05-29 18:00:00,2.209976274,4.871701627
Verizon,US-DA3,2024-05-29 19:00:00,2.10139575,5.87558298
Verizon,US-DA3,2024-05-29 20:00:00,1.192434494,1.6609205299999998
Verizon,US-DA3,2024-05-29 21:00:00,1.493328951,3.560141696
Verizon,US-DA3,2024-05-29 22:00:00,8.028718236,1.489482692
Verizon,US-DA3,2024-05-29 23:00:00,0.62677656,10.388419494
Verizon,US-DA3,2024-05-30 00:00:00,9.142250296,13.741614516
Verizon,US-DA3,2024-05-30 01:00:00,11.37641808,1.444370114
Verizon,US-DA3,2024-05-30 02:00:00,1.391518371,4.774979732
Verizon,US-DA3,2024-05-30 03:00:00,1.618889514,11.43216589
Verizon,US-DA3,2024-05-30 04:00:00,10.026792226,1.712186426
Verizon,US-DA3,2024-05-30 05:00:00,1.15502018,2.6014715070000003
Verizon,US-DA3,2024-05-30 06:00:00,1.618497335,1.551004289
Verizon,US-DA3,2024-05-30 07:00:00,0.0,5.314301726
Verizon,US-DA3,2024-05-30 08:00:00,0.0,13.073768675
Verizon,US-DA3,2024-05-30 09:00:00,12.27609911,2.902824308
Verizon,US-DA3,2024-05-30 10:00:00,10.45634823,2.719666825
Verizon,US-DA3,2024-05-30 11:00:00,0.0,3.069231814
Verizon,US-DA3,2024-05-30 12:00:00,1.191947342,11.396393803
Verizon,US-DA3,2024-05-30 13:00:00,10.531940272,1.551004289
Verizon,US-DA3,2024-05-30 14:00:00,3.079744093,1.894989718
Verizon,US-DA3,2024-05-30 15:00:00,0.572947124,1.981074124
Verizon,US-DA3,2024-05-30 16:00:00,2.209582252,0.0
Verizon,US-DA3,2024-05-30 17:00:00,0.8667080540000001,2.040569341
Verizon,US-DA3,2024-05-30 18:00:00,1.442980435,4.587799848
Verizon,US-DA3,2024-05-30 19:00:00,1.253777737,9.542375251
Verizon,US-DA3,2024-05-30 20:00:00,1.36204719,7.985688144
Verizon,US-DA3,2024-05-30 21:00:00,0.741191405,4.405164125
Verizon,US-DA3,2024-05-30 22:00:00,1.326728931,3.901358389
Verizon,US-DA3,2024-05-30 23:00:00,1.405039896,4.796929924
Verizon,US-DA3,2024-05-31 00:00:00,0.971600529,3.855628553
